id;first_name;last_name;phone_number;address
6;Rosaria                       ;Hand                          ;0644758406345                 ;Lake Tylerland                          
40;Markita                       ;Buckridge                     ;1321019445488                 ;Lindseyshire                            
29;Amiyah                        ;Metz                          ;3309075042478                 ;Rodneyborough                           
42;Marybelle                     ;Lockman                       ;0032959120676                 ;Lake Rogerfurt                          
88;Danielle                      ;Fritsch                       ;0371744633339                 ;Sherriport                              
60;Zula                          ;Treutel                       ;5515369468956                 ;North Melissaview                       
50;Sommer                        ;Johnston                      ;5782914029739                 ;Sherriport                              
19;Baylee                        ;Wilkinson                     ;9164370976367                 ;Lake Elizabeth                          
49;Lesley                        ;Lebsack                       ;8728596681539                 ;Lake Cynthiaport                        
100;Maud                          ;Klein                         ;1617970573502                 ;Frostborough                            
28;Joslyn                        ;Goyette                       ;1622698458790                 ;Jasonfort                               
75;Blaine                        ;Mitchell                      ;8086949612370                 ;South Ashleychester                     
20;Stephanie                     ;Heathcote                     ;5813968420741                 ;North Teresastad                        
63;Destiny                       ;Lueilwitz                     ;7253751258761                 ;North Melissaview                       
89;Eboni                         ;Hermann                       ;1914390256435                 ;Lake Kathryn                            
81;Haskell                       ;Funk                          ;9344561460270                 ;Lake Rogerfurt                          
26;Shavon                        ;Abbott                        ;9088740823515                 ;Frostborough                            
95;Margarett                     ;Green                         ;3485865251027                 ;Lake Lauraborough                       
66;Norah                         ;Cummings                      ;3452531461725                 ;Rodneyborough                           
15;Lyndia                        ;Wolf                          ;2254204723105                 ;Lake Cynthiaport                        
24;Werner                        ;Hickle                        ;4279939946139                 ;Jasonfort                               
56;Thurston                      ;Huel                          ;4016652032250                 ;Jasonfort                               
83;Alaya                         ;Wintheiser                    ;1015892258116                 ;South Sandra                            
1;Holly                         ;Witting                       ;1301270117930                 ;Lake Lauraborough                       
51;Idabelle                      ;Hessel                        ;9349774441359                 ;Lake Tylerland                          
34;Lucious                       ;Gaylord                       ;9122717584236                 ;Mcclureland                             
91;Latrell                       ;Bauch                         ;4601284756840                 ;Lake Lauraborough                       
10;Theda                         ;Reichert                      ;0859498919248                 ;Ayersland                               
31;Gale                          ;Kerluke                       ;0274678245667                 ;South Ashleychester                     
92;Jami                          ;Purdy                         ;4284471768132                 ;Lindseyshire                            
53;Sheilah                       ;Breitenberg                   ;7133394002156                 ;Ayersland                               
94;Kahlil                        ;Kemmer                        ;0186609592500                 ;Gardnerport                             
39;Louise                        ;McDermott                     ;7119854181861                 ;Lake Rogerfurt                          
32;Beverley                      ;Hammes                        ;8789189651404                 ;Sherriport                              
25;Jonell                        ;Kuhic                         ;8212185120032                 ;Ayersland                               
67;Delmas                        ;Pfannerstill                  ;3536159748894                 ;Lake Kathryn                            
68;Imo                           ;Mertz                         ;4261572259382                 ;Gardnerport                             
45;Stanislaus                    ;Reichel                       ;3241771284277                 ;Rodneyborough                           
62;Reino                         ;Borer                         ;0643544261105                 ;Jasonfort                               
78;Elizebeth                     ;Turner                        ;0688850721730                 ;North Teresastad                        
97;Evon                          ;Koelpin                       ;2513784005838                 ;North Teresastad                        
23;Ragna                         ;Reynolds                      ;7038234181402                 ;Ayersland                               
99;Nathen                        ;Okuneva                       ;6694484913989                 ;New Jonathan                            
55;Mikala                        ;Olson                         ;2830223594632                 ;New Jonathan                            
12;Karim                         ;Hilll                         ;5335532884205                 ;Lake Elizabeth                          
2;Gurney                        ;Farrell                       ;8983053984597                 ;Gardnerport                             
36;Kathy                         ;Schaden                       ;2481888840516                 ;Gardnerport                             
27;Conard                        ;Larkin                        ;6595394081201                 ;Mcclureland                             
73;Jeanetta                      ;Moen                          ;3948696154362                 ;Lake Lauraborough                       
17;Clovis                        ;Considine                     ;7583755241713                 ;Lindseyshire                            
11;Adrienne                      ;Will                          ;2837340842351                 ;Lake Kathryn                            
3;Tre                           ;Rohan                         ;2692658670022                 ;Lake Kathryn                            
4;Myla                          ;Schamberger                   ;2224633551354                 ;Mcclureland                             
37;Shanelle                      ;Stokes                        ;2374021856768                 ;Mcclureland                             
70;Perla                         ;Kihn                          ;6395724598825                 ;South Sean                              
43;Kurtis                        ;O'Hara                        ;6396788972838                 ;Sherriport                              
47;Savon                         ;Fisher                        ;7093853791537                 ;Frostborough                            
13;Maury                         ;Brakus                        ;5110316219924                 ;South Sandra                            
46;Louella                       ;Ryan                          ;7269776472157                 ;Lake Tylerland                          
59;Raelynn                       ;Veum                          ;4643802227019                 ;Sherriport                              
71;Jackson                       ;Greenholt                     ;7725790324666                 ;Jasonfort                               
22;Darcy                         ;Cole                          ;2879588693068                 ;Lake Elizabeth                          
8;Arman                         ;Nicolas                       ;8674071824461                 ;Rodneyborough                           
96;Tyrel                         ;Franecki                      ;5324984546319                 ;South Ashleychester                     
79;Elinor                        ;Simonis                       ;9988842640982                 ;North Teresastad                        
77;Donavan                       ;Konopelski                    ;1826345541063                 ;Ayersland                               
93;Donal                         ;Schimmel                      ;4767916064526                 ;North Melissaview                       
16;Gemma                         ;King                          ;8830028918693                 ;South Ashleychester                     
38;Lasonya                       ;Roob                          ;7184211921473                 ;Frostborough                            
76;Derick                        ;Zulauf                        ;7921670165721                 ;South Sandra                            
7;Taya                          ;Anderson                      ;9567703096733                 ;Lake Tylerland                          
41;Sue                           ;Leuschke                      ;7788014922777                 ;South Sean                              
14;Darien                        ;Miller                        ;3928146960903                 ;Lindseyshire                            
33;Anneliese                     ;Pfeffer                       ;6731911798861                 ;Lake Cynthiaport                        
90;Madyson                       ;Sporer                        ;0863483357999                 ;North Teresastad                        
57;Mel                           ;Walter                        ;7241558815807                 ;Lake Lauraborough                       
61;Nicole                        ;Cummerata                     ;8685896479392                 ;Gardnerport                             
72;Jarod                         ;Johns                         ;0008184769957                 ;New Jonathan                            
64;Minna                         ;Leannon                       ;8652684721213                 ;South Sandra                            
84;Shantel                       ;Kassulke                      ;5023257262067                 ;Lake Elizabeth                          
35;Larue                         ;Zemlak                        ;4332292799803                 ;Mcclureland                             
52;Theo                          ;Mraz                          ;2505910747664                 ;New Jonathan                            
54;Alisha                        ;Schulist                      ;9622745828706                 ;South Ashleychester                     
48;Latosha                       ;Medhurst                      ;3108620201208                 ;South Sean                              
98;Leopoldo                      ;Russel                        ;1290170762937                 ;Lake Rogerfurt                          
86;Benson                        ;Ullrich                       ;7244263996658                 ;Lake Kathryn                            
9;Verlon                        ;Kuhn                          ;7546009508866                 ;South Sean                              
69;Krista                        ;Nader                         ;1042781172387                 ;New Jonathan                            
82;Jarad                         ;Ondricka                      ;4301408772333                 ;Lake Elizabeth                          
18;Norbert                       ;Maggio                        ;6702612956595                 ;Lindseyshire                            
80;Aniya                         ;Renner                        ;8135214641799                 ;Lake Cynthiaport                        
58;Melbourne                     ;Grant                         ;3615703368572                 ;South Sean                              
87;Philo                         ;Hyatt                         ;4645592428315                 ;Lake Cynthiaport                        
65;Ashlyn                        ;Bayer                         ;4374876172416                 ;Lake Rogerfurt                          
44;Ruthann                       ;Kub                           ;9626924888227                 ;North Melissaview                       
85;Tammie                        ;Stracke                       ;0746148172402                 ;Rodneyborough                           
30;Purl                          ;Aufderhar                     ;5528543851093                 ;South Sandra                            
74;Jaylen                        ;Strosin                       ;9831329797623                 ;Frostborough                            
21;Yancy                         ;Beahan                        ;5366676224225                 ;North Melissaview                       
5;Skyler                        ;Donnelly                      ;6019727918290                 ;Lake Tylerland                          
